AppointmentSlotId,AppointmentBookingId,UserId,SessionType,SessionCategory,SelectedAttendanceMethod,CreatedTime,OpeningTime,ClosingTime,ActualOpeningTime,ActualClosingTime,OperatorUserId,ResolvedState,BookingCreatedDate,BookingModifiedDate,Actions,Outcome,Location,CancelReason,CancelReasonText,RollingTimePeriod,UseOpeningTime,SessionOpeningTime,OpeningTimePeriodDays,MissedPeriodHours,Accessibility requirements,Appointment Booking - Numerical,Appointment Booking Custom Field,Appointment list - Mandatory,Appointment Meeting URL,Appointment Method,Appointment Method 2,Appointment Reason,Are you currently employed? ,bea test multiple choice,Booking Reasons,Checked by HD,Confidentiality and Privacy Statement,Core form ,CS appointment reasons,CS appointment reasons_final,Discussion points,Do you accept the terms and conditions?,Do you agree to our Terms and conditions?,Do you agree to our terms of use?,file upload,General Meeting Booking Checklist,Give brief details of what you want to discuss,GP name and contact details,Guidance Booking Checklist,Have you had a STAR appointment before?,Have you reviewed notes? (Handshake),Have you seen us before?,How would you like this appointment to take place?,I want a CV review,I want a practice interview,I want general Careers advice,Impact on life,Is it OK if we leave a voicemail?,Is this appointment referral?,"Is your issue related to a specific module? If so, please tell us which module",JW Text Line,Learning differences,LONG LONG FIELD 2,Long text field - Appointment booking,Long Text field test,Multiple files test,Other health profressionals,Placement Booking Checklist,Please attach your CV/Cover Letter,Please bring with you:,Please tell us what you wish to discuss,Please tell us what you would like to talk about,Please tick the box to agree with the terms and conditions,Please upload your cover letter,Please upload your CV,Referral - student update,SETU: Medical Evidence,Student only field ,Supporting documents,Suppress Change Booking Notification,TC-30071 - Appointment Booking Test,Teams link,Teams Meeting link:,Terms and condition - appointment booking,Test - No access restrictions,testform,Text line,Text line Appointment booking,Topics for discussion,UNS: Upload any work you wish to discuss,Upload your CV,Upload your CV (optional),What are your reasons for booking this appointment?,"What stage is your business idea currently at? (Idea stage, early startup, scaling, etc.)",What would you like to discuss at this appointment?,What would you like to discuss with the advisor,What would you like to discuss with us?,When is your interview?,When would you be available for a call?,Would you prefer to attend this appointment via MS Teams?,Yes/No field
94693,10837,testStudent1450,Careers Advice,General Guidance ,TELEPHONE,2026-08-27T15:33:43,2026-09-01T09:15:00,2026-09-01T09:45:00,2026-08-27T15:44:33,2026-08-27T15:44:46,gtiadmin,Attended,2026-08-27T15:44:26,2026-08-27T15:44:26,,,,,,1680,0,00:00:35,20,24,,,,,,,,,False,,,,,,,,<p></p>,,,,,,,,,,,,Telephone,,,,,,No,,,,,,,,,,,,,,,,,,,,,,,,,,,,,,Assessment centre,,,,,,,,,,,,
94695,10839,testStudent1451,Careers Advice,General Guidance ,VIRTUAL,2026-08-27T15:45:13,2026-09-02T09:30:00,2026-09-02T10:00:00,2026-08-27T15:45:32,2026-08-27T15:45:40,gtiadmin,Attended,2026-08-27T15:45:26,2026-08-27T15:45:26,,,,,,1680,0,00:00:35,20,24,,,,,,,,,False,,,,,,,,<p></p>,,,,,,,,,,,,Face to face,,,,,,Yes,,,,,,,,,,,,,,,,,,,,,,,,,,,,,,Application help,,,,,,,,,,,,
94741,10841,2385,CV Review,,PHYSICAL,2026-09-02T12:33:18,2026-09-10T09:30:00,2026-09-10T10:00:00,,,gtiadmin,Missed,2026-09-02T13:20:48,2026-09-09T09:00:30,,,Student Services Building 1,,,0,0,00:00:00,14,24,,,,,,,,,,,,,,,,,,,,,,,,,,,,,,,,,,,,,,,,,,,,,,,,,,,,,,,,,,,,,,,,,Application help,,,,,,,<p>fgsdgds</p>,,,,,
94763,10843,865,JW 1/2 day bookings (Receptionist),,PHYSICAL,2026-09-02T15:23:36,2026-09-02T20:30:00,2026-09-02T20:40:00,2026-09-02T15:27:00,2026-09-02T15:27:11,1529,Attended,2026-09-02T15:23:55,2026-09-02T15:23:55,,,Aberconwy House,,,0,0,00:00:00,1,24,,,,,,,,<p></p>,,,,,,,,,,,,,,,,,,,,,,,,,,,,,,,,,,,,,,Right to work,,,,,,,,,,,,,,,,,,,,,,,,,,,,,,,
94765,10845,865,JW 1/2 day bookings (Receptionist),,VIRTUAL,2026-09-02T15:28:35,2026-09-04T20:25:00,2026-09-04T20:35:00,2026-09-02T15:29:13,2026-09-02T15:29:25,1529,Attended,2026-09-02T15:29:08,2026-09-02T15:29:08,,,Meeting Room 1,,,0,0,00:00:00,1,24,,,,,,,,<p></p>,,,,,,,,,,,,,,,,,,,,,,,,,,,,,,,,,,,,,,Right to work,,,,,,,,,,,,,,,,,,,,,,,,,,,,,,,
94773,10847,testStudent1451,Complaint discussion,,PHYSICAL,2026-09-04T08:56:45,2026-09-04T10:15:00,2026-09-04T10:45:00,2026-09-04T08:57:08,2026-09-04T08:57:44,gtiadmin,Attended,2026-09-04T08:56:59,2026-09-04T08:56:59,,,Meeting Room 1,,,0,0,00:00:00,1,24,,,,,,,,,,,,,,,,,,,,,,,,,,,False,,,,,,,,,,,,,,,,,,,,,,,,,,,,,,,,,,,,,,,,,,,,,,,,,,
94777,10849,2320,Careers Guidance,Careers Guidance,PHYSICAL,2026-09-08T07:41:46,2026-09-11T10:00:00,2026-09-11T10:10:00,2026-09-08T07:42:07,2026-09-08T07:42:10,gtiadmin,Attended,2026-09-08T07:41:59,2026-09-08T07:41:59,,,Child location Aberconwy House,,,0,0,00:00:00,1,24,no,,,,,,,,,,,,,,,,,,,,,,,,,,,,,,,,,,,,,,,,,,,,,,,,,,,,,,,,,,,,,,,,,,,,,,,,,,,,
94779,10851,1384,First Appointment,General Guidance ,VIRTUAL,2026-09-08T16:24:17,2026-09-09T10:45:00,2026-09-09T11:15:00,2026-09-08T16:24:33,2026-09-08T16:25:15,516,Attended,2026-09-08T16:24:29,2026-09-08T16:24:29,,,,,,480,1,00:00:00,5,72,,,,,,,,,,,,,,,,,,,,,,,,,,,,,,,,,,False,,,,,,,,,,,,,,,,,,,,,,,,,,,,,,,,,,,,,,,,,,,
94781,10853,1538,Careers Guidance,Careers Guidance,EMAIL,2026-09-09T08:19:21,2026-09-10T09:45:00,2026-09-10T09:55:00,2026-09-09T08:19:37,2026-09-09T08:19:43,559,Attended,2026-09-09T08:19:31,2026-09-09T08:19:31,,,,,,0,0,00:00:00,1,24,,,,,,,,,,,,,,,,,,,,,,,,,,,,,,,,,,,,,,,,,,,,,,,,,,,,,,,,,,,,,,,,,,,,,,,,,,,,,
94785,10857,2384,Careers Guidance - Virtual meeting,Careers Guidance,MS_TEAMS,2026-09-10T10:55:07,2026-09-10T11:45:00,2026-09-10T12:15:00,,,2390,Missed,2026-09-10T10:55:29,2026-09-10T10:55:30,,,,,,0,0,00:00:00,1,24,,,,,,,,,,,,,,,,,,,,,,,,,,,,,,,,,,,,,,,,,,,,,,,,,,,,,,,,,,,,,,,,,,,,,,,,,,,,,
94761,10859,testStudent1034,CV Review,,PHYSICAL,2026-09-02T12:33:20,2026-09-10T14:30:00,2026-09-10T15:00:00,,,gtiadmin,Missed,2026-09-11T09:15:28,2026-09-11T09:15:28,,,Student Services Building 1,,,0,0,00:00:00,14,24,,,,,,,,,,,,,,,,,,,,,,,,,,,,,,,,,,,,,,,,,,,,,,,,,,,,,,,,,,,,,,,,,,,,,,,,"    
  ",,,,,
94787,10861,1952,First Appointment,General Guidance ,VIRTUAL,2026-09-11T16:19:20,2026-09-10T11:00:00,2026-09-10T11:30:00,2026-09-11T16:19:42,2026-09-11T16:19:54,1531,Attended,2026-09-11T16:19:35,2026-09-11T16:19:35,,,,,,480,1,00:00:00,5,72,,,,,,,,,,,,,,,,,,,,,,,,,,,,,,,,,,False,,,,,,,,,,,,,,,,,,,,,,,,,,,,,,,,,,,,,,,,,,,
94793,10863,1954,CV Review,,PHYSICAL,2026-09-15T08:09:25,2026-09-16T10:00:00,2026-09-16T10:30:00,2026-09-16T12:36:00,2026-09-16T12:36:16,gtiadmin,Attended,2026-09-15T08:22:10,2026-09-15T10:01:02,,,Guidance Room 3,,,0,0,00:00:00,14,24,,,,,,,,,,,,,,,,,,,,,,,,,,,,,,,,,,,,,,,,,,,,,,,,,,,,,,,,,,,,,,,,,CV review,,,,,,,,,,,,
94811,10865,800,CV Review,,PHYSICAL,2026-09-15T08:09:27,2026-09-16T14:30:00,2026-09-16T15:00:00,,,gtiadmin,Missed,2026-09-16T12:29:04,2026-09-16T13:00:31,,,Guidance Room 3,,,0,0,00:00:00,14,24,,,,,,,,,,,,,,,,,,,,,,,,,,,,,,,,,,,,,,,,,,,,,,,,,,,,,,,,,,,,,,,,,Job opportunities,,,,,,,<p>afs\f</p>,,,,,
94835,10867,1503,First Appointment,General Guidance ,VIRTUAL,2026-09-17T08:00:21,2026-09-17T12:00:00,2026-09-17T12:30:00,,,272,Missed,2026-09-17T08:00:32,2026-09-17T09:00:41,,,,,,480,1,00:00:00,5,72,,,,,,,,,,,,,,,,,,,,,,,,,,,,,,,,,,False,,,,,,,,,,,,,,,,,,,,,,,,,,,,,,,,,,,,,,,,,,,
94839,10869,testStudent2010,Careers Advice,General Guidance ,MS_TEAMS,2026-09-23T04:26:52,2026-09-23T16:00:00,2026-09-23T16:30:00,,,1549,Missed,2026-09-23T04:27:25,2026-09-23T10:00:30,,,jo_test,,,1680,0,00:00:35,20,24,,,,,,,,,False,,,,,,,,<p></p>,,,,,,,,,,,,"Video (eg, Teams)",,,,,,Yes,,,,,,,,,,,,,,,,,,,,,,,,,,,,,,Advice about how my degree options impact my career,,,,,,,,,,,,
94841,10871,2384,Careers Advice,General Guidance ,PHYSICAL,2026-09-23T11:08:50,2026-09-23T10:45:00,2026-09-23T11:15:00,,,gtiadmin,Cancelled,2026-09-23T11:09:14,2026-09-23T11:12:34,,,B24 A,,,1680,0,00:00:35,20,24,,,,,,,,,False,,,,,,,,<p></p>,,,,,,,,,,,,Telephone,,,,,,No,,,,,,,,,,,,,,,,,,,,,,,,,,,,,,CV review,,,,,,,,,,,,
94841,10873,2384,Careers Advice,General Guidance ,PHYSICAL,2026-09-23T11:08:50,2026-09-23T10:45:00,2026-09-23T11:15:00,,,gtiadmin,Missed,2026-09-23T11:13:24,2026-09-23T11:13:24,,,B24 A,,,1680,0,00:00:35,20,24,,,,,,,,,False,,,,,,,,<p></p>,,,,,,,,,,,,Face to face,,,,,,No,,,,,,,,,,,,,,,,,,,,,,,,,,,,,,Application help,,,,,,,,,,,,
94845,10877,2384,Numerical field,,PHYSICAL,2026-09-23T11:15:46,2026-09-23T12:15:00,2026-09-23T12:30:00,,,gtiadmin,Missed,2026-09-23T11:16:01,2026-09-23T11:16:01,,,B24,,,0,0,00:00:00,1,24,,1222,,,,,,,,,,,,,,,,,,,,,,,,,,,,,,,,,,,,,,,,,,,,,,,,,,,,,,,,,,,,,,,,,,,,,,,,,,,
94847,10879,2261,Teams Appointment,,PHYSICAL,2026-09-24T14:20:40,2026-09-25T09:00:00,2026-09-25T09:15:00,2026-09-24T14:31:28,2026-09-24T14:31:33,gtiadmin,Attended,2026-09-24T14:21:08,2026-09-24T14:21:08,,,TC Support team location,,,0,0,00:00:00,1,24,,,,,,,,,,,,,,,,,,,,,,,,,,,,,,,,,,,,,,,,,,,,,,,,,,,,,,,,,,,,,,,,,,,,,,,,,,,,,
94849,10881,1503,First Appointment,General Guidance ,VIRTUAL,2026-09-24T15:01:19,2026-09-25T13:15:00,2026-09-25T13:45:00,2026-09-24T15:01:40,2026-09-24T15:02:53,gtiadmin,Attended,2026-09-24T15:01:29,2026-09-24T15:01:29,,,,,,480,1,00:00:00,5,72,,,,,,,,,,,,,,,,,,,,,,,,,,,,,,,,,,False,,,,,,,,,,,,,,,,,,,,,,,,,,,,,,,,,,,,,,,,,,,
94851,10883,1503,First Appointment,General Guidance ,VIRTUAL,2026-09-24T15:26:23,2026-09-25T13:45:00,2026-09-25T14:15:00,2026-09-25T14:20:42,2026-09-25T14:47:26,gtiadmin,Attended,2026-09-24T15:26:33,2026-09-24T16:00:34,,,,,,480,1,00:00:00,5,72,,,,,,,,,,,,,,,,,,,,,,,,,,,,,,,,,,False,,,,,,,,,,,,,,,,,,,,,,,,,,,,,,,,,,,,,,,,,,,
94887,10885,1503,First Appointment,General Guidance ,VIRTUAL,2026-09-25T14:47:59,2026-09-25T15:00:00,2026-09-25T15:30:00,2026-09-25T14:48:46,2026-09-25T14:57:41,gtiadmin,Attended,2026-09-25T14:48:08,2026-09-25T14:48:08,,,,,,480,1,00:00:00,5,72,,,,,,,,,,,,,,,,,,,,,,,,,,,,,,,,,,False,,,,,,,,,,,,,,,,,,,,,,,,,,,,,,,,,,,,,,,,,,,
94889,10887,1503,First Appointment,General Guidance ,VIRTUAL,2026-09-25T15:39:54,2026-09-25T16:15:00,2026-09-25T16:45:00,2026-10-05T09:16:30,2026-10-05T09:16:50,gtiadmin,Attended,2026-09-25T15:40:03,2026-09-25T15:40:03,,,,,,480,1,00:00:00,5,72,,,,,,,,,,,,,,,,,,,,,,,,,,,,,,,,,,False,,,,,,,,,,,,,,,,,,,,,,,,,,,,,,,,,,,,,,,,,,,
94869,10889,1555,CV Review,,PHYSICAL,2026-09-24T19:39:03,2026-10-01T10:45:00,2026-10-01T11:15:00,,,gtiadmin,Missed,2026-09-28T14:09:16,2026-09-30T11:00:53,,,  Building 1 - Room 1.25,,,0,0,00:00:00,14,24,,,,,,,,,,,,,,,,,,,,,,,,,,,,,,,,,,,,,,,,,,,,,,,,,,,,,,,,,,,,,,,,,Application help,,,,,,,,,,,,
94895,10891,testStudent2010,Careers Advice,General Guidance ,MS_TEAMS,2026-09-29T03:05:25,2026-09-29T09:30:00,2026-09-29T10:00:00,,,1549,Missed,2026-09-29T03:09:24,2026-09-29T04:00:27,,,Aberconwy House,,,1680,0,00:00:35,20,24,test,,,,,,,,False,,,,,,,,<p>test</p>,,,true,,,,,,,,,"Video (eg, Teams)",,,,,,No,,,,,,,,,,,,,,,,,,,,,,,,,,,,,,Advice about how my degree options impact my career,,,,,,,,,,,,
94897,10893,testStudent2010,Adviser Drop-In,,PHYSICAL,2026-09-30T07:52:34,2026-09-30T14:45:00,2026-09-30T15:15:00,,,1549,Missed,2026-09-30T07:52:55,2026-09-30T08:00:36,,,jo_test,,,0,1,00:00:00,14,1,,,,,,,,,,,,,,,,1,,,,,,,,,,,,,,,,,,,,,,,,,,,,,,,,,,,,,,,,,,,,,,,,,,,,,,,,,,,,,
94899,10895,testStudent2010,Adviser Drop-In,,PHYSICAL,2026-09-30T07:59:24,2026-09-30T16:30:00,2026-09-30T17:00:00,,,1549,Missed,2026-09-30T08:01:42,2026-09-30T09:00:46,,,Aberconwy House,,,0,1,00:00:00,14,1,,,,,,,,,,,,,,,,2,,,,,,,,,,,,,,,,,,,,,,,,,,,,,,,,,,,,,,,,,,,,,,,,,,,,,,,,,,,,,
94901,10897,731,First Appointment,General Guidance ,VIRTUAL,2026-09-30T09:12:40,2026-09-30T13:30:00,2026-09-30T14:00:00,2026-09-30T09:13:03,2026-09-30T09:13:44,1531,Attended,2026-09-30T09:12:53,2026-09-30T09:12:53,,,,,,480,1,00:00:00,5,72,,,,,,,,,,,,,,,,,,,,,,,,,,,,,,,,,,False,,,,,,,,,,,,,,,,,,,,,,,,,,,,,,,,,,,,,,,,,,,
94903,10899,865,Careers Guidance,Careers Guidance,PHYSICAL,2026-09-30T15:54:29,2026-10-02T10:15:00,2026-10-02T10:25:00,2026-09-30T15:54:45,2026-09-30T15:54:55,1529,Attended,2026-09-30T15:54:36,2026-09-30T15:54:36,,,Aberconwy House,,,0,0,00:00:00,1,24,,,,,,,,,,,,,,,,,,,,,,,,,,,,,,,,,,,,,,,,,,,,,,,,,,,,,,,,,,,,,,,,,,,,,,,,,,,,,
94905,10901,865,CV and/or cover letter check,Careers skills,PHYSICAL,2026-09-30T15:57:36,2026-10-02T11:00:00,2026-10-02T11:10:00,2026-09-30T15:58:43,2026-09-30T15:59:08,1529,Attended,2026-09-30T15:58:34,2026-09-30T15:58:34,,,Child location Aberconwy House,,,0,1,08:00:00,60,24,,,,,,,,,,,,,,,,,,,,,,,,,,,,,Telephone,,,,,,,,,,,,,,,,,,,,,,,,,,,,,,,,,,,,,,TEST CV.docx,,,,,,,,,,
94907,10903,987,is scheduled - No,,PHYSICAL,2026-10-01T08:57:01,2026-10-01T09:57:01,2026-10-01T10:17:01,,,gtiadmin,Missed,2026-10-01T08:57:01,2026-10-01T08:57:01,,,,,,0,0,00:00:00,1,24,,,,,,,,,,,,,,,,,,,,,,,,,,,,,,,,,,,,,,,,,,,,,,,,,,,,,,,,,,,,,,,,,,,,,,,,,,,,,
94909,10905,2010,Drop-In Career Advice,,PHYSICAL,2026-10-01T12:09:17,2026-10-01T13:09:17,2026-10-01T13:14:17,,,gtiadmin,Missed,2026-10-01T12:09:17,2026-10-01T12:09:17,,,,,,0,0,01:05:59,1,24,,,,,,,,,,,,,,,,,,,,,,,,,,,,,,False,False,False,,,,,,,,,,,,,,,,,,,,,,,,,,,,,,,,,,,,,,,,,,,,,
94911,10907,testStudent1952,Job Shop Drop-in,Drop-in,PHYSICAL,2026-10-01T12:12:50,2026-10-01T13:12:50,2026-10-01T13:17:50,,,gtiadmin,Missed,2026-10-01T12:12:50,2026-10-01T12:12:50,,,,,,0,0,14:45:44,1,24,,,,,,,,,,,,,,,,,,,,,,,,,,,,,,,,,,,,,,,,,,,,,,,,,,,,,,,,,,,,,,,,,,,,,,,,,,,,,
94913,10909,2010,Job Shop Drop-in,Drop-in,PHYSICAL,2026-10-01T12:14:13,2026-10-01T13:14:13,2026-10-01T13:19:13,,,gtiadmin,Missed,2026-10-01T12:14:13,2026-10-01T12:14:13,,,,,,0,0,14:45:44,1,24,,,,,,,,,,,,,,,,,,,,,,,,,,,,,,,,,,,,,,,,,,,,,,,,,,,,,,,,,,,,,,,,,,,,,,,,,,,,,
94915,10911,testStudent2001,is scheduled - No,,PHYSICAL,2026-10-02T03:50:11,2026-10-02T04:50:10,2026-10-02T05:10:10,,,559,Missed,2026-10-02T03:50:11,2026-10-02T03:50:11,,,,,,0,0,00:00:00,1,24,,,,,,,,,,,,,,,,,,,,,,,,,,,,,,,,,,,,,,,,,,,,,,,,,,,,,,,,,,,,,,,,,,,,,,,,,,,,,
94917,10913,testStudent2010,is scheduled - No,,PHYSICAL,2026-10-02T04:19:44,2026-10-02T05:19:44,2026-10-02T05:39:44,,,gtiadmin,Missed,2026-10-02T04:19:44,2026-10-02T04:19:44,,,,,,0,0,00:00:00,1,24,,,,,,,,,,,,,,,,,,,,,,,,,,,,,,,,,,,,,,,,,,,,,,,,,,,,,,,,,,,,,,,,,,,,,,,,,,,,,
94919,10915,987,is scheduled - No,,PHYSICAL,2026-10-02T05:01:12,2026-10-02T06:01:12,2026-10-02T06:21:12,,,gtiadmin,Missed,2026-10-02T05:01:12,2026-10-02T05:01:12,,,,,,0,0,00:00:00,1,24,,,,,,,,,,,,,,,,,,,,,,,,,,,,,,,,,,,,,,,,,,,,,,,,,,,,,,,,,,,,,,,,,,,,,,,,,,,,,
94925,10917,1538,Complaint discussion,,EMAIL,2026-10-05T14:05:23,2026-10-06T08:30:00,2026-10-06T09:00:00,2026-10-05T14:05:47,2026-10-05T14:06:43,gtiadmin,Attended,2026-10-05T14:05:38,2026-10-05T14:05:38,,,,,,0,0,00:00:00,1,24,,,,,,,,,,,,,,,,,,,,,,,,,,,False,,,,,,,,,,,,,,,,,,,,,,,,,,,,,,,,,,,,,,,,,,,,,,,,,,
94927,10919,1022,Complaint discussion,,EMAIL,2026-10-05T14:05:31,2026-10-06T09:15:00,2026-10-06T09:45:00,,,gtiadmin,Booked,2026-10-05T14:05:42,2026-10-05T15:00:53,,,,,,0,0,00:00:00,1,24,,,,,,,,,,,,,,,,,,,,,,,,,,,False,,,,,,,,,,,,,,,,,,,,,,,,,,,,,,,,,,,,,,,,,,,,,,,,,,
94929,10921,testStudent1457,Careers Guidance,Careers Guidance,TELEPHONE,2026-10-05T15:26:18,2026-10-07T10:45:00,2026-10-07T10:55:00,2026-10-05T15:26:30,2026-10-05T15:27:07,gtiadmin,Attended,2026-10-05T15:26:24,2026-10-05T15:26:24,,,,,,0,0,00:00:00,1,24,,,,,,,,,,,,,,,,,,,,,,,,,,,,,,,,,,,,,,,,,,,,,,,,,,,,,,,,,,,,,,,,,,,,,,,,,,,,,
